{
   "a":{
      "FREQUENCY":5340,
      "PROBABILITY":0.071055,
      "ENTROPY":0.271069
   },
   "b":{
      "FREQUENCY":1114,
      "PROBABILITY":0.014823,
      "ENTROPY":0.090065
   },
   "c":{
      "FREQUENCY":2988,
      "PROBABILITY":0.039759,
      "ENTROPY":0.184981
   },
   "d":{
      "FREQUENCY":2487,
      "PROBABILITY":0.033092,
      "ENTROPY":0.162727
   },
   "e":{
      "FREQUENCY":7563,
      "PROBABILITY":0.100635,
      "ENTROPY":0.333383
   },
   "f":{
      "FREQUENCY":916,
      "PROBABILITY":0.012188,
      "ENTROPY":0.077498
   },
   "g":{
      "FREQUENCY":1700,
      "PROBABILITY":0.022621,
      "ENTROPY":0.123649
   },
   "h":{
      "FREQUENCY":1412,
      "PROBABILITY":0.018788,
      "ENTROPY":0.107733
   },
   "i":{
      "FREQUENCY":5425,
      "PROBABILITY":0.072186,
      "ENTROPY":0.273739
   },
   "j":{
      "FREQUENCY":178,
      "PROBABILITY":0.002369,
      "ENTROPY":0.020658
   },
   "k":{
      "FREQUENCY":580,
      "PROBABILITY":0.007718,
      "ENTROPY":0.054159
   },
   "l":{
      "FREQUENCY":3205,
      "PROBABILITY":0.042646,
      "ENTROPY":0.194102
   },
   "m":{
      "FREQUENCY":1886,
      "PROBABILITY":0.025095,
      "ENTROPY":0.133418
   },
   "n":{
      "FREQUENCY":4788,
      "PROBABILITY":0.063710,
      "ENTROPY":0.253078
   },
   "o":{
      "FREQUENCY":4190,
      "PROBABILITY":0.055753,
      "ENTROPY":0.232200
   },
   "p":{
      "FREQUENCY":2003,
      "PROBABILITY":0.026652,
      "ENTROPY":0.139381
   },
   "q":{
      "FREQUENCY":121,
      "PROBABILITY":0.001610,
      "ENTROPY":0.014939
   },
   "r":{
      "FREQUENCY":4834,
      "PROBABILITY":0.064322,
      "ENTROPY":0.254622
   },
   "s":{
      "FREQUENCY":5028,
      "PROBABILITY":0.066904,
      "ENTROPY":0.261042
   },
   "t":{
      "FREQUENCY":4720,
      "PROBABILITY":0.062805,
      "ENTROPY":0.250779
   },
   "u":{
      "FREQUENCY":1914,
      "PROBABILITY":0.025468,
      "ENTROPY":0.134858
   },
   "v":{
      "FREQUENCY":842,
      "PROBABILITY":0.011204,
      "ENTROPY":0.072599
   },
   "w":{
      "FREQUENCY":627,
      "PROBABILITY":0.008343,
      "ENTROPY":0.057610
   },
   "x":{
      "FREQUENCY":249,
      "PROBABILITY":0.003313,
      "ENTROPY":0.027293
   },
   "y":{
      "FREQUENCY":1015,
      "PROBABILITY":0.013506,
      "ENTROPY":0.083875
   },
   "z":{
      "FREQUENCY":134,
      "PROBABILITY":0.001783,
      "ENTROPY":0.016282
   },
   " ":{
      "FREQUENCY":9894,
      "PROBABILITY":0.131651,
      "ENTROPY":0.385107
   }
}
